prompt_id,category,LLM_name,LLM_Input,LLM_output
1,general_knowledge,GPT,Explain why the sky appears blue during the day.,"Sunlight contains many colors. Air molecules scatter shorter wavelengths more strongly than longer wavelengths, a process called Rayleigh scattering. Blue light is scattered across the sky and reaches your eyes from many directions. Violet is also strongly scattered, but sunlight's spectrum and the sensitivity of human vision make the sky appear blue."
2,general_knowledge,GPT,Explain how a refrigerator keeps food cold.,"A refrigerator moves heat from its interior into the room. Refrigerant evaporates in the cold compartment, absorbing heat. A compressor increases its pressure and temperature, and outside coils release that heat as the refrigerant condenses. A restriction then lowers its pressure so the cycle can repeat. Insulation slows heat entering, and a thermostat controls cooling."
3,general_knowledge,GPT,Describe how the internet works in simple terms.,"The internet connects networks around the world. Your device sends information in small pieces called packets, and routers forward them toward their destination. When you request a website, a server sends its data back in packets. Your device assembles the data and displays the page. DNS helps translate website names into network addresses."
4,general_knowledge,GPT,Explain the difference between weather and climate.,"Weather describes short-term atmospheric conditions in a place, such as today's temperature, wind, and rain. Climate describes long-term weather patterns, including averages, seasonal variation, and extremes, commonly summarized over 30-year periods. A rainy afternoon is weather; a region's typically wet winters are part of its climate."
5,general_knowledge,GPT,Why do humans need sleep?,"Sleep supports memory, learning, attention, and emotional regulation. It also supports immune function, tissue repair, and hormone regulation. Without enough sleep, concentration, reaction time, and mood can suffer. Scientists are still studying all of its functions, but sleep is essential to normal brain and body performance."
6,general_knowledge,GPT,Explain how airplanes are able to fly.,"An airplane's wings create lift by changing the motion of surrounding air. Their shape and angle help produce a pressure difference and deflect air downward; the resulting force pushes the airplane upward. Engines provide thrust to overcome drag and maintain airflow over the wings. In steady level flight, lift balances weight and thrust balances drag."
7,general_knowledge,GPT,Describe how GPS determines someone's location.,"GPS satellites broadcast their positions and precise timing information. A receiver uses signal travel times to estimate its distance from several satellites. It solves for its location and its own clock error, typically using at least four satellites. This process is called trilateration, and it does not require the receiver to transmit its position to the satellites."
8,general_knowledge,GPT,Explain why leaves change color in the fall.,"As days shorten and conditions change in autumn, many deciduous trees stop replacing chlorophyll, the green pigment in their leaves. As chlorophyll breaks down, yellow and orange pigments become visible. Some leaves also produce red pigments called anthocyanins. Temperature, light, and tree species influence the colors and their intensity."
9,general_knowledge,GPT,What causes ocean tides?,"Ocean tides result mainly from differences in the Moon's gravitational pull across Earth, with an additional contribution from the Sun. These differences help create tidal bulges. As Earth rotates, coastlines move through changing water levels. The shape of coastlines and ocean basins strongly affects the timing and size of local tides."
10,general_knowledge,GPT,Explain how a microwave oven heats food.,"A microwave oven produces electromagnetic waves that interact with polar molecules, especially water, and with ions in food. Their response to the changing electric field converts electromagnetic energy into heat. Heating can be uneven because of the wave pattern and the food's composition, so rotation and stirring help distribute the heat."
11,general_knowledge,GPT,Why does ice float on water?,"When water freezes, hydrogen bonds arrange its molecules into an open crystal structure. This structure occupies more space than the same mass of liquid water, making ice less dense. A less dense object can displace enough water to support its weight before becoming fully submerged, so ice floats."
12,general_knowledge,GPT,Explain how a battery produces electricity.,"A battery converts chemical energy into electrical energy through reactions at two electrodes. When a circuit connects the electrodes, electrons flow through the external circuit while ions move through the battery's electrolyte. The chemical reactions maintain a voltage difference until the available reactants or operating conditions limit further discharge."
13,general_knowledge,GPT,Describe how vaccines help protect the human body.,"Vaccines expose the immune system to a harmless form, component, or set of instructions associated with a pathogen. This helps the body develop immune memory, including cells that can respond more quickly to a later encounter. Vaccination can reduce the chance of illness or severe disease, although protection varies by vaccine and pathogen."
14,general_knowledge,GPT,Explain why seasons occur on Earth.,"Seasons occur because Earth's rotation axis is tilted relative to its orbit around the Sun. During one part of the year, a hemisphere receives more direct sunlight and longer days, producing summer. Six months later, it receives less direct sunlight and shorter days, producing winter. The hemispheres therefore have opposite seasons."
15,general_knowledge,GPT,Describe how a search engine finds information.,"A search engine uses automated crawlers to discover pages and follow links. It processes their contents into an index, which works like a searchable catalog. When you enter a query, the engine retrieves and ranks relevant results using signals such as content relevance and usefulness. It generally searches its index rather than the entire live web at that moment."
16,science,GPT,Explain the process of photosynthesis.,"Photosynthesis converts light energy into chemical energy. In plants, chlorophyll absorbs light in chloroplasts. Light-dependent reactions split water, release oxygen, and produce energy-carrying molecules. The Calvin cycle uses those molecules to incorporate carbon dioxide into compounds that can become sugars. Overall, plants use light, water, and carbon dioxide to build organic matter."
17,science,GPT,What is the difference between DNA and RNA?,"DNA usually stores hereditary information and is double-stranded. RNA is usually single-stranded and plays roles in using and regulating that information, including protein synthesis. DNA contains deoxyribose sugar and the base thymine; RNA contains ribose and uracil. Some RNA molecules also act as catalysts, and some viruses use RNA as their genetic material."
18,science,GPT,Explain how gravity affects objects on Earth.,"Gravity attracts objects with mass toward one another. Near Earth's surface, it accelerates freely falling objects downward at approximately 9.8 meters per second squared, ignoring air resistance. An object's weight is the gravitational force on it, equal to mass times gravitational acceleration. Gravity also keeps the atmosphere and oceans bound to Earth."
19,science,GPT,Describe how the human heart pumps blood.,"The right side of the heart receives oxygen-poor blood from the body and pumps it to the lungs. The left side receives oxygen-rich blood from the lungs and pumps it to the body. Atria receive blood, ventricles provide the main pumping force, and valves help prevent backflow. Electrical signals coordinate the contractions."
20,science,GPT,What causes earthquakes?,"Most earthquakes occur when stress builds along a fault and rocks suddenly slip. The released energy travels as seismic waves, shaking the ground. Plate movement is a major source of this stress, but earthquakes can also occur with volcanic activity or certain human activities. Their effects depend on depth, magnitude, distance, and local ground conditions."
21,science,GPT,Explain how antibiotics work.,"Antibiotics target bacterial processes, such as cell-wall construction, protein synthesis, or DNA replication. Depending on the drug, they kill bacteria or limit their growth. They do not treat viruses because viruses lack the bacterial structures and processes being targeted. Bacteria can develop resistance through genetic changes or by acquiring resistance genes."
22,science,GPT,Describe the water cycle.,"Water evaporates from surfaces and is released by plants through transpiration. Water vapor condenses into clouds and returns as precipitation. Some water flows over land into streams and oceans, while some infiltrates the soil and becomes groundwater. Solar energy and gravity drive this continuing movement among the atmosphere, land, and bodies of water."
23,science,GPT,Explain what black holes are.,"A black hole is a region of spacetime with an event horizon beyond which light and other signals cannot escape to distant observers. Some form when massive stars collapse; others are found at the centers of galaxies. Astronomers detect their effects on nearby matter and light, as well as gravitational waves from black hole mergers."
24,science,GPT,Why do metals conduct electricity?,"Metals contain electrons that can move through their atomic structure rather than remaining bound to individual atoms. An applied electric field gives these electrons a net drift, creating electric current. Collisions and interactions in the material resist their motion, so real metals usually have some electrical resistance."
25,science,GPT,Explain the greenhouse effect.,"Sunlight warms Earth's surface, which emits infrared radiation. Greenhouse gases such as carbon dioxide, methane, and water vapor absorb and emit some of that radiation, affecting how energy escapes to space. This keeps the surface warmer than it would otherwise be. Increasing greenhouse gas concentrations changes Earth's energy balance and causes warming."
26,science,GPT,Describe how neurons communicate with each other.,"Neurons carry electrical signals called action potentials along their axons. At many synapses, an arriving signal triggers the release of neurotransmitters. These chemicals bind to receptors on another cell and change how likely it is to fire. Some neurons also communicate through electrical synapses, where signals pass through gap junctions."
27,science,GPT,What is natural selection?,"Natural selection occurs when individuals with certain heritable traits leave more surviving offspring than others in a particular environment. Over generations, those traits can become more common in the population. Selection depends on existing variation and does not plan ahead or guarantee that organisms become perfect."
28,science,GPT,Explain how solar panels generate electricity.,"Photovoltaic solar panels contain semiconductor cells. Incoming photons can give electrons enough energy to become mobile. An internal electric field helps separate charges, and an external circuit allows current to flow. Panels produce direct current, which an inverter can convert to alternating current for many household and grid uses."
29,science,GPT,Describe the difference between acids and bases.,"In the Bronsted-Lowry definition, an acid donates a proton and a base accepts one. In water, acidic solutions generally have a pH below 7 and basic solutions above 7 at room temperature. Acids and bases can react to form water and a salt in common neutralization reactions. Their strength describes how extensively they react or ionize, not simply their concentration."
30,science,GPT,Explain why the Moon has phases.,"The Sun always illuminates roughly half of the Moon. As the Moon orbits Earth, we see different portions of that illuminated half, producing phases from new Moon to full Moon and back. The cycle takes about 29.5 days. Ordinary phases are caused by viewing geometry, not by Earth's shadow; Earth's shadow causes lunar eclipses."
31,coding,GPT,Write a Python function that reverses a list.,"```python
def reverse_list(items):
    return items[::-1]
```
This returns a new list in reverse order and leaves the original unchanged."
32,coding,GPT,Explain the difference between a list and a tuple in Python.,"A Python list is mutable: you can add, remove, or replace elements. A tuple is immutable: its element references cannot be changed after creation. Lists use square brackets, such as [1, 2], while tuples commonly use parentheses, such as (1, 2). A tuple may contain mutable objects, so immutability does not make every contained object unchangeable."
33,coding,GPT,Write a Java method that checks whether a string is a palindrome.,"```java
public static boolean isPalindrome(String text) {
    if (text == null) return false;
    int left = 0;
    int right = text.length() - 1;
    while (left < right) {
        if (text.charAt(left) != text.charAt(right)) return false;
        left++;
        right--;
    }
    return true;
}
```
This checks the string exactly as written, including case, spaces, and punctuation. An empty string is a palindrome."
34,coding,GPT,Explain what recursion is with a simple example.,"Recursion happens when a function calls itself to solve a smaller version of a problem. It needs a base case that stops the calls. For example, factorial can be defined as factorial(n) = n * factorial(n - 1), with factorial(0) = 1. Computing factorial(3) therefore gives 3 * 2 * 1 = 6."
35,coding,GPT,Write a Python function that returns the largest number in a list.,"```python
def largest_number(numbers):
    if not numbers:
        raise ValueError('The list must not be empty')
    return max(numbers)
```
For example, largest_number([4, 9, 2]) returns 9."
36,coding,GPT,Explain the difference between a stack and a queue.,"A stack uses last-in, first-out order: the most recently added item is removed first, like undo history. A queue uses first-in, first-out order: the earliest added item is removed first, like people waiting in line. Stack operations are often called push and pop; queue operations are enqueue and dequeue."
37,coding,GPT,Write a Java program that prints the numbers 1 through 10.,"```java
public class Main {
    public static void main(String[] args) {
        for (int number = 1; number <= 10; number++) {
            System.out.println(number);
        }
    }
}
```
This prints each number on its own line."
38,coding,GPT,Explain what a binary search algorithm does.,"Binary search finds a target in sorted data by checking the middle element. If the target is smaller, it searches the left half; if larger, the right half. It repeats until it finds the target or the search interval is empty. For an indexed array, this takes O(log n) comparisons because each step approximately halves the remaining candidates."
39,coding,GPT,Write a Python function that counts vowels in a string.,"```python
def count_vowels(text):
    return sum(character in 'aeiou' for character in text.lower())
```
This counts the English vowels a, e, i, o, and u without distinguishing uppercase from lowercase."
40,coding,GPT,Explain what object-oriented programming is.,"Object-oriented programming organizes code around objects that combine data and behavior. A class defines a type of object, and an instance is a specific object of that type. For example, a BankAccount class could store a balance and provide deposit and withdraw methods. Encapsulation helps manage state, while inheritance and polymorphism can support related types and shared interfaces."
41,coding,GPT,Write a Java method that finds the sum of an integer array.,"```java
public static long sumArray(int[] numbers) {
    if (numbers == null) {
        throw new IllegalArgumentException(""Array must not be null"");
    }
    long total = 0;
    for (int number : numbers) {
        total += number;
    }
    return total;
}
```
An empty array returns zero. A long accumulator avoids the overflow that an int sum can encounter for large totals."
42,coding,GPT,Explain the difference between a compiler and an interpreter.,"A compiler translates code into another representation, such as machine code or bytecode. An interpreter executes a program through a runtime without requiring a separate ahead-of-time machine-code build. Many languages combine approaches: source code may be compiled to bytecode, interpreted, and then compiled again during execution. The distinction describes implementation strategies rather than a strict division between languages."
43,coding,GPT,Write a Python function that removes duplicates from a list.,"```python
def remove_duplicates(items):
    unique = []
    for item in items:
        if item not in unique:
            unique.append(item)
    return unique
```
This preserves the original order and works with both hashable and unhashable elements, but may take O(n squared) time."
44,coding,GPT,Explain Big-O notation in simple terms.,"Big-O describes an upper bound on how an algorithm's resource use grows with input size. O(n) time means the work grows roughly in proportion to the number of inputs, while O(n squared) can grow much faster. It ignores constant factors and lower-order terms. It describes growth, not an exact running time in seconds."
45,coding,GPT,Write a simple recursive Python function for factorial.,"```python
def factorial(n):
    if not isinstance(n, int) or isinstance(n, bool):
        raise TypeError('n must be an integer')
    if n < 0:
        raise ValueError('n must be nonnegative')
    if n <= 1:
        return 1
    return n * factorial(n - 1)
```
For example, factorial(5) returns 120. Large inputs can exceed Python's recursion limit."
46,math_reasoning,GPT,Explain how to solve a linear equation such as 3x + 5 = 20.,Start with 3x + 5 = 20. Subtract 5 from both sides to get 3x = 15. Divide both sides by 3 to get x = 5. Checking the result gives 3(5) + 5 = 20. Applying the same operation to both sides preserves equality.
47,math_reasoning,GPT,What is the Pythagorean theorem and when is it used?,"The Pythagorean theorem states that a squared plus b squared equals c squared in a right triangle, where c is the hypotenuse. It is used to find an unknown side when the other two are known, or to calculate distances in perpendicular directions. A triangle with legs 3 and 4 has hypotenuse 5 because 9 + 16 = 25."
48,math_reasoning,GPT,"Explain the difference between mean, median, and mode.","The mean is the sum of the values divided by their count. The median is the middle value after sorting, or the average of the two middle values for an even count. The mode is the most frequent value; a dataset may have multiple modes or no uniquely most frequent value. For 1, 2, 2, 7, the mean is 3, the median is 2, and the mode is 2."
49,math_reasoning,GPT,"Solve: If a car travels 180 miles in 3 hours, what is its average speed?",Average speed equals total distance divided by total time: 180 miles / 3 hours = 60 miles per hour. This does not mean the car traveled at exactly 60 miles per hour throughout the trip.
50,math_reasoning,GPT,Explain what a probability of 0.25 means.,"A probability of 0.25 means a 25% chance, or one chance in four. Across many comparable trials, the event is expected to occur approximately one-quarter of the time. It does not guarantee exactly one occurrence in every group of four trials."
51,math_reasoning,GPT,Solve: A shirt costs $40 and is discounted by 25%. What is the sale price?,"The discount is 25% of $40, which is 0.25 * 40 = $10. Subtracting the discount gives $40 - $10 = $30. The sale price is $30 before any applicable taxes or additional charges."
52,math_reasoning,GPT,Explain the difference between permutation and combination.,"A permutation counts arrangements where order matters; a combination counts selections where order does not matter. Choosing a president and vice president from a group is a permutation because the roles differ. Choosing two people for an unranked committee is a combination. For n distinct items taken r at a time, the counts are n!/(n-r)! and n!/[r!(n-r)!], respectively."
53,math_reasoning,GPT,Solve: What is 15% of 240?,"Convert 15% to 0.15 and multiply: 0.15 * 240 = 36. Therefore, 15% of 240 is 36."
54,math_reasoning,GPT,Explain what a derivative represents conceptually.,"A derivative represents an instantaneous rate of change. On a graph, it is the slope of the tangent line at a point. For a position function, the derivative with respect to time is velocity. A positive derivative indicates the function is increasing locally, and a negative derivative indicates it is decreasing locally."
55,math_reasoning,GPT,"Solve: If x + y = 10 and x = 4, what is y?",Substitute x = 4 into x + y = 10 to get 4 + y = 10. Subtract 4 from both sides: y = 6.
56,math_reasoning,GPT,Explain how to find the area of a circle.,"The area of a circle is A = pi * r squared, where r is the radius. If you know the diameter, divide it by two to find the radius first. For a radius of 3 centimeters, the area is 9 pi square centimeters, approximately 28.27 square centimeters."
57,math_reasoning,GPT,Solve: A class has 12 men and 18 women. What fraction of the class is women?,"There are 12 + 18 = 30 students. The fraction who are women is 18/30, which simplifies to 3/5. This is also 60% of the class."
58,math_reasoning,GPT,Explain what standard deviation tells us.,"Standard deviation measures how spread out values are around their mean. A small standard deviation indicates that values tend to cluster near the mean; a large one indicates greater variability. It has the same units as the original measurements. It is useful for comparing spread, but outliers and the shape of the distribution also matter."
59,math_reasoning,GPT,"Solve: What is the next number in the sequence 2, 4, 8, 16, ?","The apparent pattern doubles each number: 2, 4, 8, 16, 32. Under that rule, the next number is 32. A finite sequence can fit other rules, so this answer assumes the intended pattern is doubling."
60,math_reasoning,GPT,Explain why dividing by zero is undefined.,"Division reverses multiplication. For a nonzero number a, a/0 would require a number q such that 0 * q = a, which is impossible. For 0/0, every q satisfies 0 * q = 0, so no unique answer exists. Ordinary arithmetic therefore leaves division by zero undefined."
61,creative_writing,GPT,Write a short story about a robot that discovers music.,"The maintenance robot found the piano while cataloging an empty theater. It pressed one key, then another, expecting diagnostic tones. Instead, the notes made the silence feel arranged. Each night it returned and tried a new sequence. Months later, a technician followed the sound and found the robot playing beside a handwritten sign: Performance in progress. Please postpone repairs."
62,creative_writing,GPT,Write a paragraph describing a rainy city at night.,"Rain polished the city into a second city beneath people's feet. Traffic lights trembled in the puddles, and buses pushed slow waves along the curb. Above the street, apartment windows glowed through the mist. A person under a red umbrella paused outside a closed bakery, listening to the soft tapping on its metal awning before continuing into the night."
63,creative_writing,GPT,Write a short dialogue between two friends who missed a train.,"'Was that our train?' Maya asked.
'Only if ours was supposed to leave with us still on the platform,' Ben said.
She checked the board. 'The next one is in forty minutes.'
'Enough time for breakfast.'
'You already had breakfast.'
'Yes, but now we have a plot twist.'
Maya laughed and folded the timetable. 'You're buying.'"
64,creative_writing,GPT,Write a brief story about someone finding a mysterious key.,"While replacing a loose floorboard, Nina found a brass key wrapped in a receipt dated thirty years earlier. It fit no lock in the house. On the receipt's back, someone had written: The door arrives on Thursday. Nina checked the calendar. Wednesday. That evening, she cleared a space in the hallway without knowing why."
65,creative_writing,GPT,Describe a futuristic classroom in a creative way.,"The classroom walls became a coral reef when the lesson began. Students moved their desks through projected currents while an artificial guide translated questions into experiments. At the back, a real plant grew beside a real window, its soil monitored by a sensor the class had built. Even in a room that could simulate a planet, watering it remained someone's daily responsibility."
66,creative_writing,GPT,Write a short motivational paragraph for a student before an exam.,"You do not need to know everything to show what you have learned. Take a breath, read each question carefully, and begin with a problem you can solve. When something feels difficult, write down what you do know and work from there. One question at a time is enough; your preparation has given you a place to start."
67,creative_writing,GPT,Write a brief fantasy scene set in an enchanted forest.,"At the edge of the forest, the trees whispered her name in voices she almost recognized. Elin held the lantern higher, but its flame bent toward a narrow path that had not been there before. A stone beside it bore a fresh inscription: Leave one truth at the gate. After a long silence, she said, 'I am afraid.' The branches parted."
68,creative_writing,GPT,Write a short story about a forgotten message in a bottle.,"The bottle washed ashore after the storm, its paper faded to a few readable lines. Meet me by the old pier. Saturday. June carried it to her grandfather, who read the message twice. 'I thought she never answered,' he said. They visited the pier that afternoon. Nothing waited there except the sea, but on the walk home he finally told her the whole story."
69,creative_writing,GPT,Describe a peaceful beach at sunrise.,"At sunrise, the beach held the quiet between night and day. Pale light spread across the water, and small waves folded onto the sand with an even rhythm. The shoreline was empty except for footprints left by an early walker. As the sun cleared the horizon, the cool sand warmed slowly beneath an open sky."
70,creative_writing,GPT,Write a short scene about two astronauts seeing Earth from space.,"'There's the coast,' Amira said, touching the window with one gloved finger.
Leo leaned closer. 'I can't find my city.'
Below them, Earth turned under a thin line of blue atmosphere.
'Neither can I,' she said. 'But everyone we know is down there.'
For once, the radio was quiet. They watched the daylight move across the clouds until their next checklist called them away."
71,creative_writing,GPT,Write a brief mystery opening involving a locked room.,"The study was locked from the inside, and the only window had been painted shut for years. On the desk lay an untouched cup of tea and a letter addressed to the detective who had not yet been called. Inspector Vale read the first line: You will assume I was alone. From behind the bookcase came the sound of a second cup being set down."
72,creative_writing,GPT,Write a paragraph describing a crowded coffee shop.,"The coffee shop was full enough that every empty chair felt temporary. Steam rose behind the counter, and the grinder interrupted conversations in short bursts. Near the window, two students shared an outlet and guarded their table with open notebooks. A barista called a name, three people looked up, and the person by the door lifted a hand without stopping their phone call."
73,creative_writing,GPT,Write a short story about a student building their first app.,"Priya's first app had one button: Add assignment. For two hours, pressing it did nothing. She traced the error to a misspelled variable, fixed it, and watched her chemistry homework appear on the screen. By midnight, she had added due dates and found three new bugs. The app was unfinished, but the next morning she used it to remember an assignment she would otherwise have missed."
74,creative_writing,GPT,Describe an abandoned amusement park at night.,"The amusement park stood behind a fence bent by years of wind. Moonlight caught the empty seats of the Ferris wheel, and a loose ticket booth shutter knocked against its frame. Weeds had split the pavement beneath the painted arrows. At the carousel, one faded light blinked once, then went dark, leaving the music booth and its silent speakers in shadow."
75,creative_writing,GPT,Write a short scene where a character receives unexpected good news.,"Sam nearly deleted the email without opening it. Then he saw the scholarship office's name and sat down on the kitchen floor. The message began with congratulations. He read it twice before calling his mother. 'I got it,' he said. She asked what he meant, but his voice had already broken into laughter. The kettle clicked off behind him, forgotten."
76,advice_explanation,GPT,Give a student advice for managing time during a busy semester.,"Put classes, deadlines, work shifts, and other commitments on one calendar. Each week, choose the most important tasks and reserve realistic blocks for them. Break assignments into steps small enough to begin without a long setup. Include meals, rest, and some buffer time. When your schedule is overfull, adjust priorities or ask for help early rather than assuming every task will fit."
77,advice_explanation,GPT,Explain how to prepare effectively for a job interview.,"Review the job description and identify examples that show the relevant skills. Research the organization and prepare a short explanation of why the role interests you. Practice answering questions aloud, using specific situations, actions, and results. Prepare thoughtful questions for the interviewer, check the meeting details, and arrange any required materials in advance."
78,advice_explanation,GPT,Give advice for improving public speaking skills.,Practice short talks aloud and record yourself to notice unclear sections or rushed delivery. Organize each talk around a main point with a few supporting ideas. Use brief notes instead of reading every sentence. Start with a supportive audience and ask for specific feedback. Pauses and slower breathing can help you manage nerves while giving listeners time to follow.
79,advice_explanation,GPT,Explain how someone can build a consistent study routine.,"Choose a study time that fits your existing schedule and start with a manageable session length. Decide what you will study before the session begins. Use active methods such as practice problems and recalling material without notes. Review topics across several days, track completed sessions, and adjust the routine when it repeatedly conflicts with other commitments."
80,advice_explanation,GPT,Give advice for resolving a disagreement with a teammate.,"Talk with your teammate privately and describe the specific issue without guessing their motives. Explain its effect on the work, then listen to their perspective. Identify the goal you share and agree on concrete actions, responsibilities, and a check-in time. If you cannot resolve a serious problem, use the team's agreed process or involve the instructor or supervisor."
81,advice_explanation,GPT,Explain how to create a basic monthly budget.,"List your expected take-home income, then estimate fixed expenses such as rent and recurring bills. Add variable expenses such as groceries and transportation, and account for irregular costs. Set amounts aside for savings and other priorities where possible. Compare total planned spending with income, adjust any gap, and review actual spending each month to improve the next budget."
82,advice_explanation,GPT,Give advice for staying focused while studying.,"Pick one clear task for each study session and put distracting devices or websites out of reach. Work in a setting where you can stay comfortable and alert. Use focused intervals with short breaks, and test yourself instead of only rereading. When unrelated thoughts arise, write them down for later. If concentration drops, check whether you need rest or a smaller task."
83,advice_explanation,GPT,Explain how to write a professional email to a professor.,"Use a clear subject line, address the professor respectfully, and identify your course or section. Explain your question or request briefly and include the information needed to answer it. State any relevant deadline without demanding an immediate reply. Close with thanks and your name, then proofread the message and check that any promised attachment is included."
84,advice_explanation,GPT,Give advice for preparing for a technical coding interview.,"Review common data structures and practice representative problems rather than memorizing answers. Explain your approach aloud, discuss tradeoffs, and estimate time and space complexity. After solving a problem, test edge cases and revisit mistakes. Practice in the expected interview format and prepare to discuss projects, debugging decisions, and questions you would ask before coding."
85,advice_explanation,GPT,Explain how to break a large project into manageable tasks.,"Define the final result and what counts as complete. Break it into major parts, then divide each part into concrete tasks with visible outcomes. Identify dependencies and tackle uncertain or risky pieces early. Estimate effort, assign owners where needed, and set checkpoints. Review the plan as you learn more, keeping tasks small enough to complete and verify."
86,advice_explanation,GPT,Give advice for working effectively in a group project.,"Agree on the deliverable, responsibilities, deadlines, and communication method at the start. Keep shared notes and make progress visible. Divide work by clear ownership while leaving time to combine and review everyone's contributions. Raise blockers early and give specific feedback. Before submitting, check the complete project together against the requirements."
87,advice_explanation,GPT,Explain how to evaluate whether an online source is trustworthy.,"Check who created the source, what expertise they have, and whether they provide evidence you can inspect. Look at the publication date and whether the claims match the cited material. Compare important claims with independent, authoritative sources. Consider incentives, advertising, and misleading presentation. A professional appearance or a familiar domain alone does not establish accuracy."
88,advice_explanation,GPT,Give advice for improving note-taking during lectures.,"Capture the lecture's main ideas, examples, and connections instead of trying to transcribe every sentence. Use a consistent structure with headings and space for questions. Mark anything unclear so you can ask about it later. Soon after class, review the notes and turn key points into questions or practice tasks. Test your recall to discover what the notes do not yet explain."
89,advice_explanation,GPT,Explain how to set realistic academic goals.,"Choose a specific goal tied to something you can act on, such as completing two practice sets each week. Check that the effort fits your current schedule and starting point. Set a deadline and smaller milestones, then track progress. Review what is working and adjust the plan when evidence changes. Use performance results as feedback rather than treating one setback as a final judgment."
90,advice_explanation,GPT,Give advice for handling multiple deadlines in the same week.,"List every deadline and the work still required for each one. Estimate effort, identify dependencies, and schedule the earliest or most demanding tasks first. Break work into concrete steps and leave time to check submissions. Reduce optional commitments temporarily where possible. If the plan cannot fit the available time, contact the relevant instructor or teammate early with a specific explanation and request."
